Rohit Sharma,285,133.5,32.5,-,-,Right-Handed Batsman,https://drive.google.com/thumbnail?id=16YtWtkNeKn6U1NQ1l3rlbIRoUWBDb9kB,-,-
suryakumar yadav,95,134.9,26.6,-,-,Right-Handed Batsman,https://drive.google.com/thumbnail?id=1AUVQlT_eopLGqURUh8nAAI2Rzt2anPEN,-,-
siddhesh lad,20,120.5,29,-,-,Right-Handed Batsman,https://drive.google.com/thumbnail?id=1r5plpq04yAmXcp97SIkB389WC0jRMn64,-,-
aditya tare,76,131.9,26.8,-,-,Right-Handed Batsman,https://drive.google.com/thumbnail?id=1EZT4ljEj2o06WajaZ0xMtHPELJ8TC8S5,-,-
saurabh tiwary,118,121.6,29.3,-,-,Left-Handed Batsman,https://drive.google.com/thumbnail?id=1hgic_5csBEK5tnqS33qLeWAqOH8A5j5b,-,-
ajinkya rahane,169,118.5,30.2,-,-,Right-Handed Batsman,https://drive.google.com/thumbnail?id=1rhBFNoIPjQa5k19mcjrel_wxrj7iL9sr,-,-
rahul tripathi,43,132.6,24,-,-,Right-Handed Batsman,https://drive.google.com/thumbnail?id=111lz9r1lKHhyKZULyl5houbZ7-DtzkIj,-,-
shubman gill,13,146,33.8,-,-,Right-Handed Batsman,https://drive.google.com/thumbnail?id=1vxQZdr1d8BVPiJpJHPrMibeo3Afy0g8q,-,-
nitish rana,57,135.6,27.3,-,-,Left-Handed Batsman,https://drive.google.com/thumbnail?id=1xg6QsarQQ7q5Ev_qbwdFcusREO64T8OE,-,-
rinku singh,29,129.5,17.6,-,-,Left-Handed Batsman,https://drive.google.com/thumbnail?id=1FNdFlk-F38ldMPkaYR4xq7um8ofST2ua,-,-
manish pandey,182,118.9,28.3,-,-,Right-Handed Batsman,https://drive.google.com/thumbnail?id=1DDH6MzqG0hBTOmKYO6PkmZSMIDdd2vx2,-,-
shikhar dhawan,224,123.7,32.1,-,-,Left-Handed Batsman,https://drive.google.com/thumbnail?id=1XqQC4Nwnfm3XsfMlnoh-A84Uh8vGxSzr,-,-
shreyas iyer,74,128.7,28.7,-,-,Right-Handed Batsman,https://drive.google.com/thumbnail?id=1R848s8rWEC35B43S1r7jtJ7x6PZJUmqz,-,-
prithvi shaw,9,153.1,27.2,-,-,Right-Handed Batsman,https://drive.google.com/thumbnail?id=1eiyuI7hOVyCDZyYkgofc4egZfnUWnaJF,-,-
gautam gambhir,245,120.6,29,-,-,Left-Handed Batsman,https://drive.google.com/thumbnail?id=1iVFBonpJCAC3doqW4nEtU43fDq6lmy1t,-,-
suresh raina,280,139.2,33.6,-,-,Left-Handed Batsman,https://drive.google.com/thumbnail?id=1YSJ2dnEDGRhZptdfftOcF8JHCp12SHx1,-,-
murali vijay,152,121.5,25.4,-,-,Right-Handed Batsman,https://drive.google.com/thumbnail?id=11G9vYF1hLa89R6BfkhxehQpGQSf6TGoL,-,-
kedar jadhav,94,136.3,23.8,-,-,Right-Handed Batsman,https://drive.google.com/thumbnail?id=1sMjhNFqffG48Z-7HrXIb6va9BosUYVlK,-,-
dhruv shorey ,15,123.6,29.8,-,-,Right-Handed Batsman,https://drive.google.com/thumbnail?id=1snEFh7azZyQfggEi98jtBXUjRO9b8xoa,-,-
virat kohli,236,133.3,40.9,-,-,Right-Handed Batsman,https://drive.google.com/thumbnail?id=1S7sbD18ifLX0UpdZPwWUVT916rdc-bdm,-,-
mandeep singh,122,125,26,-,-,Right-Handed Batsman,https://drive.google.com/thumbnail?id=1VVD4Z6wH3mThXInSI7x0UXe8H_aJWafM,-,-
sarfaraz khan,36,144.3,19.7,-,-,Right-Handed Batsman,https://drive.google.com/thumbnail?id=1eQUMxKTSQQsPV32SBpRyKbmqo3vUmUFq,-,-
mayank agrawal,106,130.8,23.4,-,-,Right-Handed Batsman,https://drive.google.com/thumbnail?id=1GEAebMBjcZ7hqzWrpwj3IPOSxNn3pOtW,-,-
karun nair,95,131,24.9,-,-,Right-Handed Batsman,https://drive.google.com/thumbnail?id=1wJA0w3M0toVlKo0Q8fewlm1Om4NRPgZT,-,-
manoj tiwary,141,116.9,29.9,-,-,Right-Handed Batsman,https://drive.google.com/thumbnail?id=1GULHfE3ZyENI89r5_k9XdfPQx6PyAvI4,-,-
ricky bhui,28,118.7,28.5,-,-,Right-Handed Batsman,https://drive.google.com/thumbnail?id=1apfEg_j2ihqkOKqulpoHGoX7sC0IAvwe,-,-
sanju samson ,124,124.4,26.9,-,-,Right-Handed Batsman and Wicketkeeper,https://drive.google.com/thumbnail?id=1nKMyj3wNQnGDHJt9R-JIuFwoMAUbdDqh,-,-
dinesh karthik,230,132.7,27.4,-,-,Right-Handed Batsman and Wicketkeeper,https://drive.google.com/thumbnail?id=14ds6TtSCn-p06a6ca7u_sktTqnxJTnzF,-,-
robin uthappa,232,134.6,28.8,-,-,Right-Handed Batsman and Wicketkeeper,https://drive.google.com/thumbnail?id=1OsOHbS1p7G8r1UfQvRAN0jXkp3qumJvJ,-,-
sreevats goswami,68,109.1,24.8,-,-,Left-Handed Batsman and Wicketkeeper,https://drive.google.com/thumbnail?id=1Z35GgTL926OPFWf4W4n_Fs40XZSnpyy-,-,-
wriddhiman saha,148,130.2,24.3,-,-,Right-Handed Batsman and Wicketkeeper,https://drive.google.com/thumbnail?id=1FpDrr0EqFS2obUC4s6kejz3osh9K_YVV,-,-
rishabh pant,63,162.6,34.8,-,-,Left-Handed Batsman and Wicketkeeper,https://drive.google.com/thumbnail?id=1JDp_EpKceOoF3yfR2bPZivkYbRUX3d7T,-,-
ishan kishan,52,129.2,23,-,-,Left-Handed Batsman and Wicketkeeper,https://drive.google.com/thumbnail?id=1vPZArP9WWYiORJF33BAva7bOxYBrFMKu,-,-
naman ojha,150,117.6,20.8,-,-,Right-Handed Batsman and Wicketkeeper,https://drive.google.com/thumbnail?id=16Kv-vk1HKAGes4W1Mj1m-VCQMNOHxKFA,-,-
MS dhoni,269,136,38.4,-,-,Right-Handed Batsman and Wicketkeeper,https://drive.google.com/thumbnail?id=1MWuQAh1bsohPQki3HcFIisJnY1uDyEVx,-,-
ambati rayudu,184,126,26.5,-,-,Right-Handed Batsman and Wicketkeeper,https://drive.google.com/thumbnail?id=1yaDxk2KnwA7IN9X0uzCaY_O4wHX3HDqL,-,-
parthiv patel,179,122.4,22.9,-,-,Left-Handed Batsman and Wicketkeeper,https://drive.google.com/thumbnail?id=19wDUYH-TnB5M9Hq7vn7Og0NpK6iiUNnX,-,-
Kl rahul ,80,138.7,37.7,-,-,Right-Handed Batsman and Wicketkeeper,https://drive.google.com/thumbnail?id=1jUXRrIO5PQ8om6tNJRn5PEj2YXj2dvKt,-,-
prashant chopra,29,113.4,32.6,-,-,Right-Handed Batsman and Wicketkeeper,https://drive.google.com/thumbnail?id=1-8xPLIFrbuXqMWaT8wh1GHleUnC7nKV8,-,-
M. shami,65,-,-,26.6,8.29,Right-Arm Fast Medium Bowler,https://drive.google.com/thumbnail?id=1MFIisHQ0VUBHr7l8uj3hYdrQEM3h-owM,-,-
basil thampi,43,-,-,27,8.39,Right-Arm Fast Medium Bowler,https://drive.google.com/thumbnail?id=1MSOMIHEuBQfDNSX0yGzzGQ0VD96FB1hA,-,-
harbhajan singh,239,-,-,26.2,6.73,Right-Arm Off Spin Bowler,https://drive.google.com/thumbnail?id=18uzpSpFKohrChwlFQQL0HO183eZX76vQ,-,-
siddharth kaul,85,-,-,23.7,7.26,Right-Arm Medium Bowler,https://drive.google.com/thumbnail?id=1CWsZVmCYsFoonkFwj18Z-8GclhNIWhX1,-,-
mayank markande,18,-,-,24.4,8.11,Right-Arm Leg Spin Bowler,https://drive.google.com/thumbnail?id=1jYfA9ZXTXLyY25wODI65ijNWfkAib0kg,-,-
deepak chahar,38,-,-,24.2,7.51,Right-Arm Medium Bowler,https://drive.google.com/thumbnail?id=1LGXTJY4gC-GIIhNa0zKavhdvA5GAJTXP,-,-
vinay kumar,163,-,-,26.3,7.99,Right-Arm Medium Bowler,https://drive.google.com/thumbnail?id=1PhvTZgQhz_utgaDzGzu5TJz_ZPF-d_Ew,-,-
sandeep sharma,94,-,-,23.6,7.55,Right-Arm Medium Bowler,https://drive.google.com/thumbnail?id=1yCmOrf2viWjJWSYUBWesLnJ-TvNQSizq,-,-
piyush chawla ,207,-,-,24.7,7.52,Right-Arm Leg Spin Bowler,https://drive.google.com/thumbnail?id=1o-lcD7BvDNQTDUf2K1Wnja-eGbcVCfRn,-,-
dhawal kulkarni,117,-,-,25,7.84,Right-Arm Medium Bowler,https://drive.google.com/thumbnail?id=1-p_sGT7wp3QH2BbjQ8qz7XYm3-6rR0m-,-,-
mohit sharma,110,-,-,28,8.36,Right-Arm Medium Bowler,https://drive.google.com/thumbnail?id=1EOlru44MiO54ZM4MskMifwxGPLONdyDu,-,-
barinder sran ,37,-,-,25.9,8.17,Left-Arm Medium Bowler,https://drive.google.com/thumbnail?id=1kwrCQBORi2KvHvilPPS7c_XfExpBZpu5,-,-
kuldeep yadav,79,-,-,19.4,7.33,Left-Arm Off Spin Bowler,https://drive.google.com/thumbnail?id=1keYLwOMiBpIXKjlVJ_eiAim3GsAiBxOv,-,-
bhuvneshwar kumar,149,-,-,23.9,7.13,Right-Arm Medium Bowler,https://drive.google.com/thumbnail?id=1D--QE9awbtH5A-XJM-mizGFITRWn9aRO,-,-
rahul chahar,6,-,-,20,6.95,Right-Arm Leg Spin Bowler,https://drive.google.com/thumbnail?id=1KhZ1qqVXpr6ViB9VQqg7rdXiKiDogiiU,-,-
karn sharma,109,-,-,24.6,7.35,Right-Arm Leg Spin Bowler,https://drive.google.com/thumbnail?id=12OIcB9e_GvHlNDoGLz3qIJaHXopRKPX8,-,-
shardul thakur,54,-,-,26.3,8.46,Right-Arm Medium Bowler,https://drive.google.com/thumbnail?id=1pLLwyYf16HTQrlLWtP6wiSvXWyhbrXsL,-,-
yuzvendra chahal,133,-,-,23,7.48,Right-Arm Leg Spin Bowler,https://drive.google.com/thumbnail?id=1bMpHkuEMPxamjXwSfvS_E6jRRIzRRyHK,-,-
umesh yadav,128,-,-,27,8.2,Right-Arm Fast Medium Bowler,https://drive.google.com/thumbnail?id=1Pt2miHHpkrikSvhyi9Az19FzWGyMhZ0Q,-,-
mohammad siraj,35,-,-,23.5,8.69,Right-Arm Medium Fast Bowler,https://drive.google.com/thumbnail?id=1qseuJB2FHtbC4IKnC7L68mJtpIPGjqf0,-,-
ankit rajpoot ,54,-,-,19.9,7.51,Right-Arm Medium Bowler,https://drive.google.com/thumbnail?id=1JusqhKcaFpjikrS78S3g3WCS77QtUWf1,-,-
prasidh krishna ,10,-,-,24.1,8.89,Right-Arm Medium Bowler,https://drive.google.com/thumbnail?id=1q77lY0qvp3bi2cClZz8P9AjX30CG4-rv,-,-
ravichandran ashwin,207,-,-,24.3,6.85,Right-Arm Off Spin Bowler,https://drive.google.com/thumbnail?id=1IC1jG7AK5HWBUcGsRQniLkNtI6MvL40d,-,-
harshal patel,75,-,-,27.7,7.9,Right-Arm Medium Bowler,https://drive.google.com/thumbnail?id=1Txrqh58G3wovC9dVRM7HtVcH_ZJW3L_F,-,-
kamlesh nagarkoti,-,-,-,-,-,Right-Arm Fast Bowler,https://drive.google.com/thumbnail?id=1HEZbihVrXYZbTUKdAL_WU0iT4gGH3ECs,-,-
amit mishra,198,-,-,21.8,7.15,Right-Arm Leg Spin Bowler,https://drive.google.com/thumbnail?id=1fWInVJTzKSAvU-0YhYX6nF012LFUyqaN,-,-
thangarasu natarajan ,11,-,-,42.7,8.62,Left-Arm Medium Bowler,https://drive.google.com/thumbnail?id=1wQuVKA7X9H0iyiOMljksy2TqE_aNfd6A,-,-
shahbaaz nadeem,107,-,-,29.1,6.77,Left-Arm Leg Spin Bowler,https://drive.google.com/thumbnail?id=1XU7vrwKp1xbctWjHE2BGR-6BUkMFdfxA,-,-
aryaman birla,-,-,-,-,-,Left-Arm Leg Spin Bowler,https://drive.google.com/thumbnail?id=1DkmFFdq8HTXlYsBt5U2JJlUQ9l6O_fh1,-,-
Jasprit Bumrah,131,-,-,22.9,7.18,Right-Arm Fast Medium Bowler,https://drive.google.com/thumbnail?id=1QUgFiVGlZ_xn9a2zfE4MUYJ464u4hsC4,-,-
khaleel ahmed ,21,-,-,24.3,8.09,Left-Arm Medium Bowler,https://drive.google.com/thumbnail?id=1Ndk9zmiwDSO8k7D-X5iKlIWUmd5dYLHz,-,-
Sudheshan midhun,3,-,-,66,6,Right-Arm Leg Spin Bowler,https://drive.google.com/thumbnail?id=1Z-6m09bIpTetiKgaUXzcHDxQ6-LQL2-x,-,-
avesh khan ,12,-,-,30.3,8.46,Right-Arm Medium Bowler,https://drive.google.com/thumbnail?id=13OlXdpfJ4zZsbE4SE0fC2BGdE6gbvR9z,-,-
Krunal Pandya,54,147.6,27.3,25.6,7.26,Left-Handed Batsman and Left-Arm Leg Spin Bowler,https://drive.google.com/thumbnail?id=12KVy6oQutBflwAGgkTu4DVFDtBNw0lMX,-,-
stuart binny,101,124.8,19,25.7,7.65,Right-Handed Batsman and Right-Arm Medium Bowler,https://drive.google.com/thumbnail?id=1TdeesN_HmoKz31SLXcA5nmzSWpfpI9oR,-,-
shivam mavi,9,86.7,4.3,54,9.64,Right-Handed Batsman and Right-Arm Fast Medium Bowler,https://drive.google.com/thumbnail?id=1z1pdcT2H2T1fRuvQ7RjZVdfPsnGJPaZO,-,-
bipul sharma,65,137.4,21.2,23.2,6.45,Left-Handed Batsman and Left-Arm Leg Spin Bowler,https://drive.google.com/thumbnail?id=1NnZCTXy9HJWNUTYq5AWBLDquFayZ1L5q,-,-
yusuf pathan,219,142.6,27.6,28.8,7.7,Right-Handed Batsman and Right-Arm Off Spin Bowler,https://drive.google.com/thumbnail?id=1gtmrvVcQYW4ZZ_2sXubgh-0Dud0IGTvR,-,-
shreyas gopal,24,115,17,21.4,7.7,Right-Handed Batsman and Right-Arm Leg Spin Bowler,https://drive.google.com/thumbnail?id=1MY4FVesMntR6CuiM5B3U8BoJZ4bakRL1,-,-
deepak hooda,71,140,21.2,49.6,7.85,Right-Handed Batsman and Right-Arm Off Spin Bowler,https://drive.google.com/thumbnail?id=1I4l0-h4Ik_JH6i6Vr2gr_ZbYTq69dljI,-,-
vijay shankar,48,128.5,27.3,41.8,8.93,Right-Handed Batsman and Right-Arm Medium Bowler,https://drive.google.com/thumbnail?id=1GhBVa5igc5pVc2o8IusMgQXhSBJ8qlPi,-,-
ravindra jadeja,150,123,21.7,31.4,7.78,Left-Handed Batsman and Left-Arm Leg Spin Bowler,https://drive.google.com/thumbnail?id=1iBSomn7-IYIEaaKLxv_J7MrLu62VULFV,-,-
washington sundar,21,122.8,20.3,22.9,6.96,Left-Handed Batsman and Right-Arm Off Spin Bowler,https://drive.google.com/thumbnail?id=1qm_9dwXhHItkSgmWPhey42NfH3L_CDTE,-,-
pawan negi,71,110,16.8,23,7.31,Left-Handed Batsman and Left-Arm Leg Spin Bowler,https://drive.google.com/thumbnail?id=13ojqkrdbLKlUX6a2LzZpdtmfRHyzazHg,-,-
axar patel,74,131.7,20.3,27.6,7.13,Left-Handed Batsman and Left-Arm Leg Spin Bowler,https://drive.google.com/thumbnail?id=1fejRt93QV4T9RGDdgDKjC0HIzwOLJg6d,-,-
anukul roy ,-,-,-,-,-,Left-Handed Batsman and Left-Arm Leg Spin Bowler,https://drive.google.com/thumbnail?id=1AGhJhgU492KKo4iELT91lGx1-nViB5tX,-,-
yuvraj singh,208,129,25.9,24.2,7.44,Left-Handed Batsman and Left-Arm Leg Spin Bowler,https://drive.google.com/thumbnail?id=1CBSB2i0nkcSq_F1Z53mcrc3_MmWmDkdy,-,-
gurkeerat singh man,67,123.1,20.9,29.3,7.33,Right-Handed Batsman and Right-Arm Off Spin Bowler,https://drive.google.com/thumbnail?id=17olE-u8n8gdrPHP92Oo2kqeaIFb_LfCO,-,-
jayant yadav,36,113.5,16.8,34.8,5.95,Right-Handed Batsman and Right-Arm Off Spin Bowler,https://drive.google.com/thumbnail?id=1__S4vFNey96VsmRxzCD3x6L-NuoFW3t1,-,-
rahul tewatia ,18,147.1,25.2,24.6,6.97,Left-Handed Batsman and Right-Arm Leg Spin Bowler,https://drive.google.com/thumbnail?id=1oxZA5m-iKafh7QDguAp4pNNTuy12r4jg,-,-
krishnappa gowtham,35,169,15.6,28.7,7.3,Right-Handed Batsman and Right-Arm Off Spin Bowler,https://drive.google.com/thumbnail?id=1Us2eOqSsS7g4J9NT1ASR9pMWqkNuzqKY,-,-
Hardik Pandya,96,132.3,25.8,27.1,8.07,Right-Handed Batsman and Right-Arm Medium Fast Bowler,https://drive.google.com/thumbnail?id=1gV8ywUmDzhE0ZXjJuBJtkb0nVzFJWAR5,-,-
Evin Lewis,120,144.7,31.9,-,-,Left Handed Batsman,https://drive.google.com/thumbnail?id=1lXg0U5_dGn8zBpFzl_4SzPvkjPYOD_B2,-,-
Jason Mohammad,71,101.8,24.7,-,-,Right Handed Batsman,https://drive.google.com/thumbnail?id=14RhbY6gxR4Fs-zCMV8XpV_muOd-qo8Pc,-,-
Marlon Samuels,181,117.9,32,-,-,Right Handed Batsman,https://drive.google.com/thumbnail?id=1lI5arMTBxVYEkVK-Smuh5UGy_rDZF8Vq,-,-
Rovman Powell,48,131.5,24.4,-,-,Right Handed Batsman,https://drive.google.com/thumbnail?id=1J_AwiW_6NYKtTT5SY3Vw06OBEaKKpcOR,-,-
Lendl Simmons,208,115.8,29.4,-,-,Right Handed Batsman,https://drive.google.com/thumbnail?id=13XaN5kvGbntkTT-HgXHhOHA2mTaSz8S_,-,-
Shimron Hetmyer,19,142.4,28.7,-,-,Left handed Batsman,https://drive.google.com/thumbnail?id=15jUfYfppXp7xE9rMQ6n3eRGMO9xdl9MK,-,-
Darren Bravo,115,119.5,32,-,-,Left handed Batsman,https://drive.google.com/thumbnail?id=13Mq7TkPZk2C1aaTZECuHhs5ttWuTPYT6,-,-
Andre Fletcher,155,114.6,28.4,-,-,Right handed Batsman and Wicket-Keeper,https://drive.google.com/thumbnail?id=1PJW-om72plMvxLDXIfxqeZi-FFMTGCgE,-,-
Denesh Ramdin,147,120.5,23,-,-,Right handed Batsman and Wicket-Keeper,https://drive.google.com/thumbnail?id=11fwf6CNJ5C1Rt0hvVhB0enrYbvI_J0NH,-,-
Shai Hope,22,134.2,25.6,-,-,Right handed Batsman and Wicket-Keeper,https://drive.google.com/thumbnail?id=1GUtX_b0ezoiPKuJ9hyjToZoqRVx72Kew,-,-
Nicolas Pooran,86,144.9,22.9,-,-,Left handed Batsman and Wicket-Keeper,https://drive.google.com/thumbnail?id=1wGyWlfsAdNveAJOEI4opzddy5QFSKadV,-,-
Samuel Badree,194,-,-,22.2,6.03,Right Arm Leg Spinner Bowler,https://drive.google.com/thumbnail?id=1pHSVXA7NVOGps-Ntkxk5Dc9YAOcEg61M,-,-
Sunil Narine,294,-,-,19.8,5.95,Right Arm Off Spinner Bowler,https://drive.google.com/thumbnail?id=1wUk36ubXdN2tO_LmcvRsOVILeQx5YESy,-,-
Jerome Taylor,88,-,-,24.5,8.12,Right Arm Fast Bowler,https://drive.google.com/thumbnail?id=1UH0vS2lomxdPTVTB8uI-jbUbKxrVOA87,-,-
Kesrick Williams,62,-,-,21.3,8.43,Right-Arm Fast Medium Bowler,https://drive.google.com/thumbnail?id=1mJIj0KoUwMsDGntSNUePHiCDg2lPgP9L,-,-
Oshane Thomas,20,-,-,23,8.84,Right-Arm Fast Medium Bowler,https://drive.google.com/thumbnail?id=1nDkNSCIOPsvqExMSKOIyJsvjSYGy39e4,-,-
Sheldon Cotrell,10,-,-,18.8,7.41,Left-Arm Fast Medium Bowler,https://drive.google.com/thumbnail?id=1lBbw4Me-y_JQ8baFxYsXfv6sTJAa2TtJ,-,-
Kieron Pollard,390,150.5,30.1,24.1,8.19,Right handed Batsman and Right-Arm Medium Fast Bowler,https://drive.google.com/thumbnail?id=1d1tFBhYpCbrhz_PGcZI4E_IjPbK_JKNI,-,-
Keemo Paul,16,120.6,15.2,26.2,8.2,Right handed Batsman and Right-Arm Fast Medium Bowler,https://drive.google.com/thumbnail?id=1Kvxs9PtIAsDIi3hxGvH7D873ixnE2FX2,-,-
Dwayne Bravo,416,127.3,24.6,24.3,8.28,Right handed Batsman and Right-Arm Medium Fast Bowler,https://drive.google.com/thumbnail?id=1q2jfVb8S1PpbLZJbjYohV-DSGaGvHGNS,-,-
Darren Sammy,232,142.1,21.3,28.4,7.93,Right handed Batsman and Right-Arm Medium Fast Bowler,https://drive.google.com/thumbnail?id=1dfLmPwVzDOZ07z2qzBcO9_LTPGFPHh6h,-,-
Andre Russell,222,167.4,24.4,25.4,8.19,Right handed Batsman and Right-Arm Fast Bowler,https://drive.google.com/thumbnail?id=1MYhvLKDWmqqUd_EHfxcRaNxmZlsuyhNI,-,-
Fabian Allen,7,163.8,30.8,27.3,7.42,Right handed Batsman and Left Arm Leg Spin Bowler,https://drive.google.com/thumbnail?id=1nX6m25owjQR_VyWa6TUZm4xhyz12Syk9,-,-
Jason Holder,59,128.1,14.8,34.9,7.76,Right handed Batsman and Right-Arm Medium Fast Bowler,https://drive.google.com/thumbnail?id=1psPRpXeStmz5IwtXYSg7D8G7KxBnGyHE,-,-
Carlos Brathwaite,102,146.7,17.6,26.8,7.99,Right handed Batsman and Right-Arm Fast Medium Bowler,https://drive.google.com/thumbnail?id=1UPLwDTk1_7TKh1C0KYQyGn0VvZ6CacBQ,-,-
Chris Gayle,361,147.1,39.2,31,7.65,Left handed Batsman and Right-Arm Off Spinner,https://drive.google.com/thumbnail?id=1OR7caODv0fqAiPK-Yo6l7JAktngLCoVN,-,-
Hasim amla,44,132.06,33.61,-,-,batsman,https://drive.google.com/thumbnail?id=18AMTq7gQDtCg85XK67qXNxh6TsYu4ktR,-,-
Colin Ingram,215,139.26,30.83,-,-,batsman,https://drive.google.com/thumbnail?id=1CRD9wLfflWk3iYgSK7zfG_Sg-STsj6f6,-,-
Quinton de Kock,150,132.65,30.23,-,-,batsman,https://drive.google.com/thumbnail?id=1KgLcALNrgDOOLJ8FkPUFNAeE9zsK46Fq,-,-
David Miller,278,139.54,35.27,-,-,Middle-order batsman,https://drive.google.com/thumbnail?id=1ioSntCRxBG8gDKnuxueYU2y2HlVdNzcq,-,-
Faf du Plessis,191,128.57,28.75,-,-,Middle-order batsman,https://drive.google.com/thumbnail?id=1ZogA93TwsRe3dvzes-n4RJAUJYKjkSLh,-,-
AB de Villiers,268,149.01,35.65,-,-,Wicketkeeper batsman,https://drive.google.com/thumbnail?id=1lIjV-XGtEDNdvkxKSaPK0L83X1pT9k0Q,-,-
Heinrich Klaasen,66,138.93,29.3,-,-,Wicketkeeper batsman,https://drive.google.com/thumbnail?id=17QV6g86cvsK5wzOFT2_B9CA45Ov0KX0p,-,-
Imran Tahir,231,-,-,17.95,6.67,bowler,https://drive.google.com/thumbnail?id=1Ex0wRkrfAFba6OGwYG5PljLI-Z6QJbn0,-,-
Dale Steyn,197,-,-,21.75,6.66,bowler,https://drive.google.com/thumbnail?id=1f9lRMcbeYRZ0jMHb0Y46cIYLb5ENryB6,-,-
Kyle Abbott,133,-,-,29.71,8.2,bowler,,-,-
Morné Morkel,174,-,-,25.68,7.55,bowler,https://drive.google.com/thumbnail?id=1x_hPshf-HMue5IuJaWMZlaWGW1QJ-Gm4,-,-
Marchant de Lange,82,-,-,25.54,8.64,bowler,https://drive.google.com/thumbnail?id=1OgPkfTj6hKvSw8bnGHfjj7zpG_d_l4YK,-,-
Hardus Viljoen,89,-,-,24.39,7.81,bowler,https://drive.google.com/thumbnail?id=1_5X0awN6D8TRuucn7R6XizwfkIX9URdk,-,-
Anrich Nortje,12,-,-,13.73,6.47,bowler,https://drive.google.com/thumbnail?id=1t4tm7GyxEI1Zn4XFqlpHJbb2i_g6TNvJ,-,-
Kagiso Rabada,56,-,-,21.82,7.43,bowler,https://drive.google.com/thumbnail?id=1Xumq50b2rRzppVmSa0IY8an5Jlm3n7jW,-,-
Keshav maharaj,26,-,-,29.44,6.94,bowler,https://drive.google.com/thumbnail?id=10XegSsElodzq4HuTim7CCSC4M4xQ6HVH,-,-
David Wiese,191,43.75,20.63,26.16,8.29,Allrounder,https://drive.google.com/thumbnail?id=1j0tWJkv5f-4WV0zVFv79uFzKKxRlNfO8,-,-
JP Duminy,246,121.8,37.79,30.2,7.63,batting allrounder,https://drive.google.com/thumbnail?id=1jn5SkfMymDvZZJcbBFz5Fw7C4QJQyTk-,-,-
Farhaan Behardien,165,133.42,35.54,35.2,9.28,Batting allrounder,https://drive.google.com/thumbnail?id=1vD4pBguQDc0WsQtC2QMx77sB5ByYJopB,-,-
Chris Morris,160,154,25.25,21.77,7.69,bowling allrounder,https://drive.google.com/thumbnail?id=1-uqtB611K7HM8_jq6H-9BeUAb-3O_94x,-,-
Albie Morkel,318,138.65,26.67,25.53,7.6,bowling allrounder,https://drive.google.com/thumbnail?id=1SKp8-2ORib1pHtRYkesFuIPwOS5yEwup,-,-
Kane Williamson,169,123.71,30.11,-,-,Right-handed Batsman,https://drive.google.com/thumbnail?id=13pl_clExpVig-nqIY-v3VafeWOd3dImd,-,-
Tom Bruce,64,148.93,28,-,-,Right-handed Batsman,https://drive.google.com/thumbnail?id=16L-WETT8V2UYkKG3H6M8gKDzorgnmEie,-,-
Martin Guptill,217,128.53,32.98,-,-,Right-handed Batsman,https://drive.google.com/thumbnail?id=1gfAyCtlevEJxJF1kQK320bOJzXhcbFT1,-,-
Tom Latham,77,132.88,27.53,-,-,Left-handed Batsman,https://drive.google.com/thumbnail?id=12LBZXZygxcAaX4JRKmD94W7d2a99keym,-,-
Colin Munro,208,147.59,30.45,-,-,Left-handed Batsman,https://drive.google.com/thumbnail?id=1Uz9W3KIZHiBzpDC40TbK2D1e0NXDLkHM,-,-
Henry Nicholls,42,126.04,29.34,-,-,Left-handed Batsman,https://drive.google.com/thumbnail?id=1SoQk595oEkVw8Zd-jzPwEraJVyfu37dx,-,-
Glem Phillips,59,132.56,30.41,-,-,Right-handed Batsman,https://drive.google.com/thumbnail?id=1ugj_W5jim958PzOK0NM7rWTP1sUpcvmk,-,-
Ross Taylor,261,132.76,31.57,-,-,Right-handed Batsman,https://drive.google.com/thumbnail?id=19BILMc3ut6OfCFc8EZI_hH0jJBcwo3eg,-,-
Todd Astle,58,98.83,13.36,-,-,Right-handed Batsman,https://drive.google.com/thumbnail?id=1U0oKLsUOQQKIPmXk0rKKwohW0BXMW_Za,-,-
Anaru Kitchen,106,123.29,20.62,-,-,Right-handed Batsman,https://drive.google.com/thumbnail?id=15QSUW46oLu8ug88BVVahsXzuu3U_x13J,-,-
Tom Blundell,41,124.83,24.34,-,-,Right-handed Batsman,https://drive.google.com/thumbnail?id=1UI9wkhzAC2PtVZIcNaXn_D6YXV1l-L2H,-,-
Trent Boult,88,-,-,27.05,8.39,Left-arm Fast Bowler,https://drive.google.com/thumbnail?id=1lr29ZKBMeolISuy-Q1eIEf13ZG-LewXI,-,-
Matt Henry,79,-,-,30.24,8.78,Right-arm fast-medium Bowler,https://drive.google.com/thumbnail?id=19q1ytYgQitnbjMO3xclMHQPYhFJoKN0Y,-,-
Adam Milne,86,-,-,22.67,7.68,Right-arm fast Bowler,https://drive.google.com/thumbnail?id=1TERRG2Z_q7TQSHvip8gaOYTZz_52WH2Y,-,-
Ish Sodhi,127,-,-,23.34,7.72,Legbreak Bowler,https://drive.google.com/thumbnail?id=1hUN5pDG7KxWv69Lw4_pMS_l69y6ok4IK,-,-
Tim Southee,168,-,-,27.24,8.29,Right-arm medium-fast Bowler,https://drive.google.com/thumbnail?id=14kdtrX0TlSEYO_fLKAMH3JppQMnl5Zuu,-,-
Seth Rance,61,-,-,20.26,7.64,Right-arm medium Bowler,https://drive.google.com/thumbnail?id=1lpBGjKiP8fuCVpY_i3BmGXJfHpx-PNv5,-,-
Lockie Ferguson,43,-,-,25.87,7.36,Right-arm fast Bowler,https://drive.google.com/thumbnail?id=1OVt6EJwwx_YkKYlsUEwGFQI_aABoBJGB,-,-
Ben Wheeler,49,-,-,32.64,8.77,Left-arm medium-fast Bowler,https://drive.google.com/thumbnail?id=1cVZB7KdKISuVL0aG_371egRLXWBWBx2y,-,-
Neil Wagner,76,-,-,27.82,8.78,Left-arm medium-fast Bowler,https://drive.google.com/thumbnail?id=1yTojitT4dvfgw9yaIAa3v160FmHI-_ov,-,-
Colin de Grandhomme,174,166.78,25,37.06,9.34,Right-handed Batsman andRight arm fast-medium,https://drive.google.com/thumbnail?id=1r_1gRw-flAvpDCB4bLNNytfbnKxmp2tm,-,-
Mitchell Santner,64,128.95,20.74,24.25,7.04,Left-handed Batsman andSlow left-arm orthodox bowler,https://drive.google.com/thumbnail?id=1Mp_8Gzfoe2GCfVdFhO-xSdRzxx3NHori,-,-
Corey Anderson,132,142.17,27.36,35.61,9.06,Left-handed Batsman andLeft-arm medium-fast bowler,https://drive.google.com/thumbnail?id=14GR7_lIej5tuI3lUFIgSTTHBb4rp1bIe,-,-
George Worker,102,124.38,26.85,25.57,8.23,Left-handed Batsman andSlow left-arm orthodox bowler,https://drive.google.com/thumbnail?id=1G96b-VepsGvPohDZxz0D43WavGTkgqHS,-,-
Mark Chapman,73,127.37,23.1,28.54,8.26,Left-handed Batsman andSlow left-arm orthodox bowler,https://drive.google.com/thumbnail?id=1r-lK5S48mLAlLZGrgUez1MtQ8PYyWcxF,-,-
James Neesham,98,138,24.76,25.27,8.86,Left-handed Batsman andRight-arm medium bowler,https://drive.google.com/thumbnail?id=15oUHrlOFD2Huu0pGICkNttAPO0swqE03,-,-
Aaron Finch,249,142.85,35.8,-,-,Right hand batsman,https://drive.google.com/thumbnail?id=1QHFPlq8Z7ZTsOt884zZuk2b9VASSk_O7,-,-
Usman Khawaja,66,127.66,31.76,-,-,Left hand batsman,https://drive.google.com/thumbnail?id=10Y4zzDOatG6w-KK5g7aDQcM9IAQwjJC4,-,-
Shaun Marsh,169,128.98,39.35,-,-,Left hand batsman,https://drive.google.com/thumbnail?id=1flZXUWOy3JXGLuo1fVWLiy5dEtx_tFY_,-,-
Peter Handcomb,60,116.77,22.27,-,-,Right hand batsman,https://drive.google.com/thumbnail?id=15nOyyvNZ5rRmxXNgwIO2hgnPrRB_9Gwj,-,-
Marcus Stoinis,84,125.59,27.16,-,-,Right hand batsman,https://drive.google.com/thumbnail?id=1szFKP84EtPTZTFIHhu-qNhM0D_SflywG,-,-
Alex Carey,44,128.93,29.61,-,-,Left hand batsman,https://drive.google.com/thumbnail?id=10GsK-7nXInLcUJSbxXFvcHd-tZD4qrVr,-,-
Chris Lynn,149,142.2,32.68,-,-,Right hand batsman,https://drive.google.com/thumbnail?id=1QfsdvcOZfTsiW5QgNCM8z67w04-fJbYs,-,-
David Warner,259,142.27,35.26,-,-,Left hand batsman,https://drive.google.com/thumbnail?id=1ai8kSz57qD4CnACLtzBl7WIu5t94WWFm,-,-
Steve Smith,164,125.04,29.42,-,-,Right hand batsman,https://drive.google.com/thumbnail?id=1Fc--yBBUmnUDNS7DY_S7Q-UKRupmglfU,-,-
Jason Behrendorff,54,-,-,20.41,7.11,Left arm fast medium bowler,https://drive.google.com/thumbnail?id=1uHibKxGWNUVmABWARQ26ydvCBS8OyIX0,-,-
Peter Siddle,46,-,-,28.57,7.32,Right arm fast medium bowler,https://drive.google.com/thumbnail?id=10Y4zzDOatG6w-KK5g7aDQcM9IAQwjJC4,-,-
Nathon Lyon,39,-,-,19.53,7.15,Right arm offbreak bowler,https://drive.google.com/thumbnail?id=1-pWoQFKtnveZvQ67aN8WNeKOMsfB6qln,-,-
Adam Zampa,112,-,-,21.88,7.22,Legbreak googly bowler,https://drive.google.com/thumbnail?id=1kvg--abrrCDByVSRpb5Y4PGq_ICRHkvM,-,-
Andrew Tye,123,-,-,20.21,7.92,Right arm medium fast bowler,https://drive.google.com/thumbnail?id=1OsAdGs1IWjmeA0zvAgNQ-KtUBhRpTAtR,-,-
Nathan Coulter-Nile,106,-,-,23.24,7.77,Right arm fast bowler,https://drive.google.com/thumbnail?id=1biGZlxTklPHgso_MI55q1F3VnyOtJGXm,-,-
Billy Stanlake,51,-,-,23.95,7.88,Right arm fast bowler,https://drive.google.com/thumbnail?id=1f_MgrFMZ5uVg15sJJUKO4FkGoN1mWeAW,-,-
Jhye Richardson,29,-,-,25.26,8.25,Right arm fast bowler,https://drive.google.com/thumbnail?id=1FMiyzVQl5dFfYkF96mcAJfz79Dr2MZgm,-,-
Glenn Maxwell,235,154.35,25.77,31.65,7.87,All rounder,https://drive.google.com/thumbnail?id=1y_rEkIYGt_8_Y425RiqHQ352-R2KgDeT,-,-
Mitch Marsh,74,120.6,30.34,27.48,8.45,All rounder,https://drive.google.com/thumbnail?id=1eDjRenRt8FNHhBvpuTwP4LTCA-NMpxCe,-,-
Shane Watson,287,139.12,29.65,27.1,7.9,All rounder,https://drive.google.com/thumbnail?id=1wix9Z_MpVmIIy0HRFjcY3lDQE8BVA19z,-,-
Eoin Morgan,250,128.2,25.7,-,-,left handed batsman,https://drive.google.com/thumbnail?id=1MGcLuCBg05GwMmjjXC3IUlDwI2QbaYo6,-,-
Alex Hales,198,143.5,29.6,-,-,Right handed batsman,https://drive.google.com/thumbnail?id=1DDqCSPzrbJOMIyW7qft8wHyN9VjIb4TD,-,-
Joe Root,32,126.8,30.3,-,-,Right handed batsman,https://drive.google.com/thumbnail?id=1ZIAaIrml_8gGm9EwmR8j_m1FO_reX9TK,-,-
Jason Roy,188,145.8,27.3,-,-,Right handed batsman,https://drive.google.com/thumbnail?id=1kGWCagaDYfrUf3Gz_jK5HfOFTItqTMy_,-,-
Sam Billings,145,130.4,23.4,-,-,Right-Handed Batsman and wicketkeeper,https://drive.google.com/thumbnail?id=1j6YZo3ALLSzV1q5oWO1ar2CZPuqbJJ37,-,-
Jos Buttler,220,144,30.1,-,-,Right handed batsman andwicket keeper,https://drive.google.com/thumbnail?id=1e0FDO5Prrr69uj8xQ_9qL5Z96sXPgcos,-,-
Jonny Bairstow,84,126.5,24.6,-,-,Right handed batsman and wicketkeeper,https://drive.google.com/thumbnail?id=1sXommNuH1XX1NdrHTUNqCkVMeHN4afGr,-,-
Chris Jordan,129,-,-,26.7,8.4,Right-Arm fast Medium Bowler,https://drive.google.com/thumbnail?id=1TjYsVnff8vBVeJVXp-NDIfJgkAjeouRN,-,-
Liam Plunkett,138,-,-,27.4,8.04,Right-Arm fast Medium Bowler,https://drive.google.com/thumbnail?id=1Z4D6nZqiZXd0ydaSecPePMhrQJB60zHU,-,-
Adil Rashid,85,-,-,22.3,7.42,Right-Arm fast Medium Bowler,https://drive.google.com/thumbnail?id=11btb8CA9UkVblBUK_DiR-Nbd-jYwBhqM,-,-
Jofra Archer,63,-,-,22.1,8.12,Right-Arm fast Medium Bowler,https://drive.google.com/thumbnail?id=1O_A_GXACR0A9qSvdDSUFUWVVFm1cefNG,-,-
Jake Ball,58,-,-,26.6,8.75,Right -Arm fast Bowler,https://drive.google.com/thumbnail?id=1Cv-jZid1wyq5UlIaq62ZIOLWyvjTnKKv,-,-
Mark Wood,24,-,-,24.5,8.22,Right-Arm fast fast Bowler,https://drive.google.com/thumbnail?id=1aFHntII7eJbyhQJ0g5yYBZ3JQRREF98b,-,-
Chris Woakes,108,-,-,25.1,8.39,Right-Arm fast Medium Bowler,https://drive.google.com/thumbnail?id=1aXslc90Mc1WInVdPNUxQFe0y95B4GGRh,-,-
Chris Jordan,129,-,-,26.7,8.4,Right-Arm fast Medium Bowler,https://drive.google.com/thumbnail?id=1kPBjgF6Gx0rmJ1unukwBYHLNVP8IlwZ6,-,-
Ben Stokes,101,135.8,24.8,32.6,8.21,left handed batsman and Right-Arm Fast Medium Bowler,https://drive.google.com/thumbnail?id=1EubW79cjbNQWeLqOnnhhOnp9Hn01suMf,-,-
Moeen Ali,118,134.9,23.7,27.7,7.69,Left handed batsman and Right-Arm Off spin Bowler,https://drive.google.com/thumbnail?id=1gHwAG8a5U-BfdLR8ppmAsmluuvhve12V,-,-
Sam Curran,36,118.9,15.9,28.5,8.24,Left handed batsman and left-Arm medium fast Bowler,,-,-
Tom Curran,78,131.3,20.4,25,8.47,Right handed batsman and Right-Arm Fast Medium Bowler,https://drive.google.com/thumbnail?id=1m6OJabVz9Si0iB1nReVHXUMIZbAwIHJ7,-,-
David Willey,128,140.8,24.2,23.3,7.9,Left handed batsman andLeft-Arm fast medium bowler,https://drive.google.com/thumbnail?id=1_wIP1IHvBzuHdVV8RKtLMVV1btywIIxc,-,-
dimuth karunaratne,33,108.8,17,-,-,left handed batsman,https://drive.google.com/thumbnail?id=1QDudCoGlRocR8fLaaVJw4SSm6bdXH8fs,-,-
lahiru thirimanne,69,118.7,22.1,-,-,left handed batsman,https://drive.google.com/thumbnail?id=1B2g5VyILfuXsBKSf0gtyMF1AqYb00fEn,-,-
roshen silva,19,99.3,24.1,-,-,right handed batsman,https://drive.google.com/thumbnail?id=16HAVD4yweuvGkanVZtMvnlI9oSJ6h7Jt,-,-
sadeera samarawickr,31,121.3,19.6,-,-,right handed batsman andwicketkeeper,https://drive.google.com/thumbnail?id=1wEyZSAPbX1akQeoCQ_seS2tO2cZV46wW,-,-
kaushal silva,22,114.4,22.4,-,-,reft handed batsman andwicketkeeper,https://drive.google.com/thumbnail?id=1gYtApalBwNzJVZFUYJW6nD6tsqL317hv,-,-
niroshan Dickwella,54,138.7,21.7,-,-,left-handed batsman and wicketkeeper,https://drive.google.com/thumbnail?id=18ekr5owR_CP0zB5LOeodyrYMd9K8jqBp,-,-
kusal perara,87,133.5,24.1,-,-,left handed batsman andwicketkeeper,https://drive.google.com/thumbnail?id=10Yt2aYmmjw8IU1_Lmj5KkKgWPELVcoX5,-,-
kusal mendis,39,144.7,26.8,-,-,right handed batsman and wicketkeeper,https://drive.google.com/thumbnail?id=1CzftyNqh_oBSs3mwCUbGSCed0QtffB9d,-,-
dinesh chandimal,100,116.1,27.6,-,-,right-handed batsman andwicketkeeper,https://drive.google.com/thumbnail?id=1gPIJ-bWcfLtXWZ-V5dEvAbkt_7YHS6gK,-,-
suranga lakmal,42,-,-,23.8,8.03,right arm fast medium bowler,https://drive.google.com/thumbnail?id=1_wouFvfp0QIrfPiSAm6PXte3hJZ-7plW,-,-
Dushmantha Chameera,42,-,-,30.4,7.64,right arm fast bowler,https://drive.google.com/thumbnail?id=1Bk6zqTw_f_bRBIJMIKKfLUxzR-FjPxkN,-,-
Kasun Rajitha,31,-,-,16,8.07,right arm medium fast bowler,https://drive.google.com/thumbnail?id=1fa3PvDXqqAC61aIPKVQ8dHL84el2wiW3,-,-
Nuwan Pradeep,35,-,-,24.3,8.35,right arm fast medium bowler,https://drive.google.com/thumbnail?id=1238-yWfQ31o3On56A9bcUPYgAUgjudDP,-,-
Lakshan Sandakan,34,-,-,19.5,7.24,left arm off spin bowler,https://drive.google.com/thumbnail?id=1mdWZqJz2BsUvNasg0mfKnaiHN6pleYGm,-,-
Lahiru Kumara,9,-,-,17.1,6.41,right arm fast bowler,https://drive.google.com/thumbnail?id=1DhBIs7xGH8SS0hfVuBAgl2c-81i7ZgIt,-,-
vishwa fernando,9,-,-,25.9,9,left arm off spin bowler,https://drive.google.com/thumbnail?id=1R3XkV1AH-m9E6slyMjBfuJ0fkWjdh9Ie,-,-
lasith malinga,261,-,-,19.1,6.93,right-arm fast bowler,https://drive.google.com/thumbnail?id=17_KJ3xZRK6LP6OEKNsazHDMa30ya-RXB,-,-
chamika kurunarantne,7,-,-,30.6,9.27,right arm medium fast bowler,https://drive.google.com/thumbnail?id=1Pna4z0vJbkJ4ufwJV52J-q4q52QBH8Dn,-,-
angelo mathews,130,120.5,25.6,31.7,7.38,right handed batsman andRight arm medium bowler,https://drive.google.com/thumbnail?id=1yOblBhrRPT19GQUkwmjT9atNGGjCzOIx,-,-
thiasara perera,210,148.5,20.5,26,8.56,left handed batsman and right arm medium fast bowler,https://drive.google.com/thumbnail?id=1s6hm6RGZIhpoY-ZgVMxRQjaBaI5H58xg,-,-
danushka gunathilaka,70,127.5,25.1,25.1,7.53,left handed batsman and right arm medium fast bowler,https://drive.google.com/thumbnail?id=1VAUSdgS6nKheyo7cgFs3mX7K5sAwBMA1,-,-
angelo perera,130,120.5,25.6,31.7,7.38,right handed batsman andright arm leg spin bowler,https://drive.google.com/thumbnail?id=1eguEo2pH6wkfNUmTqGr1Hiqa2mDeEq5i,-,-
dilruwan perera,57,109.6,13.2,22.5,6.66,right handed batsman and right arm off spin bowler,https://drive.google.com/thumbnail?id=130wynKggQt0J8aS-uUEMkW46SK8G5FF8,-,-
Dasun Shanaka,59,152.8,29.3,37,9.05,right handed batsman and right arm off spin bowler,https://drive.google.com/thumbnail?id=1W_OKf2CU-gJIND7BkUTfC_MSSsjoDhYr,-,-
Asela Gunaratne,40,117.7,22.4,28.9,7.88,right handed batsman and right arm medium fastbowler,https://drive.google.com/thumbnail?id=1_aZT-r3K_RsWB02tYt08gK3MHUNFtFRF,-,-
Seekkuge Prasanna,129,155.7,15.9,7.13,7.13,right handed batsman andright arm leg spin bowler,https://drive.google.com/thumbnail?id=18XNF_YjLdVZxrnRLjOluVGEnbEXq275t,-,-
milinda siriwardana,88,135,18.2,26.3,7.91,left handed batsman and right arm medium fast bowler,https://drive.google.com/thumbnail?id=1rVmtdDaTDsPyypLhNgddSifgUaPZ0iBe,-,-
Mohammad Shahzad,118,132.9,32,-,-,Right Handed Batsman and Wicketkeeper,https://drive.google.com/thumbnail?id=1-oi8CDG07Hx-OzKQFWRkGEiWBoJ5E5He,-,-
Hazratullah Zazai,27,156.7,32.4,-,-,Left Handed Batsman,https://drive.google.com/thumbnail?id=1rEEzUZ75gfS7ukoG70HK8Yptrra6T-Z0,-,-
Asghar Afghan,75,113.8,26.4,-,-,Right Handed Batsman,https://drive.google.com/thumbnail?id=17rIXfO5adTRQydwrtBAT_JUFfc-0ltRQ,-,-
Shafiqullah Shafaq,56,146.4,15.6,-,-,Right Handed Batsman,https://drive.google.com/thumbnail?id=1hvKoX0Yv65NuRCeHl5XZtevoPn81BLQd,-,-
Najibullah Zadran,73,138,24.8,-,-,Left Handed Batsman,https://drive.google.com/thumbnail?id=1kgtDmJQrynq_Bw9y5agT773CqLQDJaIy,-,-
Rashid Khan Arman,150,-,-,15.8,6.1,Right Arm Leg Spin Bowler,https://drive.google.com/thumbnail?id=1SDkjjdCP1zyRAiJ9x6PqyaHh0o0o8EP9,-,-
Aftab Alam,30,-,-,21.2,7.89,Right Arm Fast Medium Bowler,https://drive.google.com/thumbnail?id=13hY1_7OuHL92btJWt8S2-Muc4AXwa96O,-,-
Karim Janat,31,-,-,22.9,7.5,Right Arm Medium Bowler,https://drive.google.com/thumbnail?id=16d3Yb1CPdsfMvFqPEGb0ZVAvsDVmFtCa,-,-
Mujeeb Ur Rahman,58,-,-,23.7,6.73,Right Arm Off Spin Bowler,https://drive.google.com/thumbnail?id=1O6ajChUzIf2p9iyrPgIu5JDYgbP_YAy1,-,-
Shapoor Zadran,61,-,-,22.2,7,Left Arm Fast Medium Bowler,https://drive.google.com/thumbnail?id=1s6Un3EzJtaVlcaWYTLXIRkuZ0sZ1j4gZ,-,-
Dawlat Zadran,52,-,-,20.4,7.71,Right Arm Fast Medium Bowler,https://drive.google.com/thumbnail?id=1VNWisYGh1uhWZEnToUB6Vd0F5ZD01BsD,-,-
Gulbadin Naib,47,-,-,23.9,8.22,Right Arm Fast Medium Bowler,https://drive.google.com/thumbnail?id=1FEShh1whUexmCL57f-JNTfAMOtdPQ7Kr,-,-
Samiullah Shenwari,90,117.2,20,25.6,6.71,Right Handed Batsman andRight Arm Leg Spin Bowler,https://drive.google.com/thumbnail?id=1mcRtezYGX7-0CVTyBcM_6-P82IgnmdaD,-,-
Mohammad Nabi,166,140.2,21.9,21.9,6.93,Right Handed Batsman and Right Arm Off Spin Bowler,https://drive.google.com/thumbnail?id=1kZ62h_T3zCSiH5uZH5nUu-cuOl7cSV5o,-,-
Sarfraz Ahmed,126,128.9,28.1,-,-,Wicketkeeper batsman,https://drive.google.com/thumbnail?id=143MSwRPJlekTqciwEfte09LaXy2zYk5t,-,-
Fakhar Zaman,75,138.2,27.7,-,-,Left-Handed Batsman,https://drive.google.com/thumbnail?id=1-RQIxV8w8vutraCWDHJBEUyk3IwGQc6D,-,-
Babar Azam,91,119.8,41,-,-,Right-Handed Batsman,https://drive.google.com/thumbnail?id=1sTrsFqcJ4-Q2LP4L5isch9k6R7ZSZp6F,-,-
Azhar Ali,49,104.7,21.9,-,-,Right-Handed Batsman,https://drive.google.com/thumbnail?id=10_wLIr-MKJ9MQcRl0SPkNaWJhT_br1vl,-,-
Imam-ul-haq,27,115.1,40.6,-,-,Left-Handed Batsman,https://drive.google.com/thumbnail?id=1zpF9dSO11DUYrHsJkrG5WWcnzT8uroKc,-,-
Shan masood,31,113.3,21.9,-,-,Left-Handed Batsman,https://drive.google.com/thumbnail?id=1ugQNk9oVI1s04QC_fd5tZwRVHo5Ivn1A,-,-
Asad Shafiq,86,117,25.9,-,-,Right-Handed Batsman,https://drive.google.com/thumbnail?id=1A9ZkRs7V9z-oXneWolOhrIlKcTUlj_Xl,-,-
Haris Shoail,60,107.7,31.1,-,-,Left-Handed Batsman,https://drive.google.com/thumbnail?id=1BVy2gJJpDYVxIqf7aEgT1iwiYTpgjpw9,-,-
Asif Ali,106,143.6,25.8,-,-,Right-Handed Batsman,https://drive.google.com/thumbnail?id=1ZNPTlc_7TLoNKb9EgKKTOJnPDuFlbhBS,-,-
Sahibzada farhan,20,106.6,26.6,-,-,Right-Handed Batsman,https://drive.google.com/thumbnail?id=1nyB1lHo9seA5EWsQmVgBdpxZZuzgm0MI,-,-
Mohammad Rizwan,62,115.5,28.5,-,-,Wicketkeeper batsman,https://drive.google.com/thumbnail?id=1yNwVSzyKsWiI9Nhq5OGKBlehHuRg0wXX,-,-
Hasan Ali,77,-,-,22,7.65,Medium-Fast Bowler,https://drive.google.com/thumbnail?id=1jncRSFel4Y1M-D58kGcAzR46kHp5zfLh,-,-
Mohammad amir,111,-,-,20.7,6.69,Fast Bowler,https://drive.google.com/thumbnail?id=1LC2nRSw9D_kO6D_zXf5oeU5bi_6ixmfQ,-,-
Yasir Shah,97,-,-,28.5,6.84,Leg Spinner,https://drive.google.com/thumbnail?id=1V45ErAbsxoo3A-qT_ZuxCmOUjdNkhtuc,-,-
Usmaan khan shinwari,55,-,-,20.9,7.31,Medium-Fast Bowler,https://drive.google.com/thumbnail?id=1bh7rTvkK42DZyzOZ_0c9oc5vR7pM4_Go,-,-
Shaheen Afridi,21,-,-,21.7,7.63,Medium bowler,https://drive.google.com/thumbnail?id=1Gw8LMqbG-1IRwwZWT1n6OViD9eU_A_vV,-,-
Mohammad Abbas,20,-,-,41.1,8.8,Medium-Fast Bowler,https://drive.google.com/thumbnail?id=10JjJzGkgM9hH-ayZVhDZKoBofBM6CFu5,-,-
Shoaib malik,315,125.3,36 and5,26,7.05,All-rounder,https://drive.google.com/thumbnail?id=1UNdIqQ21kOKf4FIX_R9-y8nPNXoid8aV,-,-
Mohammad Hafeez,242,122.5,24.5,22.3,6.24,All-rounder,https://drive.google.com/thumbnail?id=1RDM-snA7z8i5-zhd5tPM3pTzAking2cR,-,-
Shadab khan,73,117.5,11.7,19.5,6.57,All-rounder,https://drive.google.com/thumbnail?id=1PrbktzO9E8Y7HkvN_Yf5Sj3o5kE_nulY,-,-
Imad Wasim,129,124.6,18.3,23.4,6.27,All-rounder,https://drive.google.com/thumbnail?id=18BNGwB6-esKsaM-4fppOZsLRX5ovap2t,-,-
Hussain Talat,59,121.1,36.8,27.3,8.41,All-rounder,https://drive.google.com/thumbnail?id=1Fp5h3syzp-OqVrnEh9Zc1wWzj14bgxn0,-,-
gyanendra malla,35,17.9,97.4,-,-,Batsman,https://drive.google.com/thumbnail?id=17YNIEgAjMrygIKs9V9acZ1GVg4KBkKXN,-,-
Sharad Vesawkar,28,95,23.3,-,-,Batsman,https://drive.google.com/thumbnail?id=1nHK5_VUzfzxHIvvEoXQmS-N8TO4acTwv,-,-
Sompal Kami,19,-,-,20.1,6.9,Fast medium bowler,https://drive.google.com/thumbnail?id=1_h30MMOPNDjugy4_wYF088ZJPWCt1VCG,-,-
Sandeep lamichhane,27,-,-,18.5,6.65,Bowler,https://drive.google.com/thumbnail?id=1sMtUiyNE1i9rJVM0sOPqnrDTTuws-Ecc,-,-
Paras Khadke,34,114.9,29.9,26.7,5.99,All Rounder,https://drive.google.com/thumbnail?id=1xmJ448qIjHTvtGvL3e4Crfpq6Ffuodyi,-,-
Tamim Iqbal,190,120.1,30.2,-,-,Left-Handed batsman,https://drive.google.com/thumbnail?id=1GpJg4FLacf_vwEggMTP8W-gHCesRIzbe,-,-
Mushfiqur Rahim,155,127.1,26.7,-,-,Wicket-Keeper Batsman,https://drive.google.com/thumbnail?id=1nYzA_uf4LcaV55i1LfvM18iT9I9erVCj,-,-
Soumya Sarkar,104,113.2,16.7,-,-,Left-Handed batsman,https://drive.google.com/thumbnail?id=1LcXvOpuGiAV4vpG7n8x2E8JyKO7BCfiU,-,-
Mominul haque,77,111.9,20.1,-,-,Left-Handed batsman,https://drive.google.com/thumbnail?id=1keZivOfF0z4Khpokk1XYnewHxM2J6U_A,-,-
Mehidy Hasan,42,111.8,11.4,-,-,Right-Handed batsman,https://drive.google.com/thumbnail?id=1AjHTYHJO5l07epF4uvz2mfCF6Oc8i_c6,-,-
Liton Das,68,129,18.3,-,-,Wicket-Keeper Batsman,https://drive.google.com/thumbnail?id=1y-RmEsNUiAnJjCq_RWUoy4EOovluMEEX,-,-
Mashrafe Mortaza,146,-,-,7.49,28.9,Fast Medium Bowler,https://drive.google.com/thumbnail?id=1eXQmx1diuAxZsC6Htz1KhnIlZJ6VMXAr,-,-
Mustafizur Rahman,88,-,-,7.21,21.5,Fast Medium Bowler,https://drive.google.com/thumbnail?id=138gvuoY-jjTMWdmVpC8nwIBAtZuRuiNt,-,-
Rubel hossain,95,-,-,8.3,23.5,Fast Bowler,https://drive.google.com/thumbnail?id=1LEzhvtqyCxlgeeQhDV60Yp8EhW6dOeIG,-,-
Taskin Ahmed,61,-,-,8.34,23.2,Fast Bowler,https://drive.google.com/thumbnail?id=1T-rWigcd-0enFYxOJcqY769q_ZQU37hh,-,-
Abu hider,50,-,-,7.91,26.1,Fast Medium Bowler,https://drive.google.com/thumbnail?id=1zltHpgGuQD0QhAzELY1PmHK6GohF9nXa,-,-
Nazmul Islam,71,-,-,7.28,29.5,Leg Spinner,https://drive.google.com/thumbnail?id=1x94aPFFVQYMNWV7g6_me5_mSKK9j4tMy,-,-
Shakib al hasan,289,122.1,21,6.86,20.6,All-rounder,https://drive.google.com/thumbnail?id=1ZzVjBRJwMmuo8qiv_Borr5Vdv2Y-0I73,-,-
Mahmudullah,177,118.2,24.1,7.11,25.8,All-rounder,https://drive.google.com/thumbnail?id=1s1Qpzwdt1DosPf7xMiAxZ7fR31ZpOrxz,-,-
Sabbir Rahman,127,122.5,26.8,7.27,25.3,All-rounder,https://drive.google.com/thumbnail?id=1bgRwDaI62G9Vcpr4pKQ9K1hHyKgP6UzI,-,-
